text,label
"Having a great time at the beach, the sun and sand are so refreshing.",positive
Longing for some time alone,neutral
which case? I got a new one last week and I`m not thrilled at all with mine.,negative
I love spending time with my family,positive
I got into a fight with the pavement. I think it won  poor little knee,negative
is cleaning the house for her family who is comming later today..,neutral
gotta restart my computer .. I thought Win7 was supposed to put an end to the constant rebootiness,neutral
"Missing my family, can't wait to see them soon",negative
"This week meet me at OFFF, next Thu, Fri and Sat. And try there MIC and Surface.",neutral
happy momies day!,positive
Enjoying the beautiful weather outside.,positive
"how old is jonathan jr? I`ve got four cockatiels, they`re two years now",neutral
Wishing I had more time to relax. Wishing I had more time to relax.,neutral
My new landlord just called.. I cant move in until tomorrow morning  Way to rain on my parade..,negative
http://twitpic.com/4jjdx - Soak your had in hot water (but not boiling) for about 30mins - it`ll pull them right out,neutral
Monday blues are hitting hard,negative
Can't wait for my birthday next month,positive
Need a break from all the noise,neutral
Got Firefox working again. Now I just have to get back all of my bookmarks...,neutral
roll me in your arms cuz i cant remember ever falling this hard.. -avalanche by DC,negative
Just booked a trip to Italy! Can't wait!,positive
Looking forward to meeting old friends,positive
Hmm... the new sports catalog and card jitsu updates are not appearing for me,neutral
"haha, i was crying  ****",negative
Weekend plans fell through,negative
Thanks for tweeting a very useful set of refs - I`m in the middle of adding them to a chapter I`m editing,positive
"I`m the same way, but with Backstreet Boys. I remember gasping when they used 1 song on Chuck  I was like O.O OMFG NO WAY",negative
_ryall What if I thought I was a Star Trek person but I wasn`t all that crazy about the new movie?,negative
Thank you. I needed that,positive
Excited for the weekend!,positive
Eager to learn new things,positive
The concert last night was incredible!,positive
my tvs not working  i wanna watch vhits :`(,negative
I **** miss that band so so much,negative
Tired of the constant interruptions during meetings,negative
Driving Back home because I forgot the piece of cake for _era,neutral
The never-ending workload at the office is stressing me out.,negative
"Word to all those i call mom, and there are a lot of yall.. HAPPY MOTHERS DAY  i love you all!",positive
Celebrity sighting: Spongebobs here! #BEA09   LOL! Now I`m even more distraught I missed it,negative
Watching French Open tennis - sad to see Venus make an early exit this morning!,negative
_Anderson your tweets were awesome  **** the heat. That`s what dencorub is for,neutral
"Going through a rough time, feeling really low",negative
fantastic.... pick up a **** for me,positive
Just finished watching a scary movie,negative
"Ugh, looks like you`ll have some work to do . Good luck",positive
"yeah i know hun, spammers seem to move fast though, already had two in first few minutes of posting.  Block `em",negative
Hey it`s that old writing avoidance  Write 1 continuous flow non stop 4 10 mins=trick I use 2 loosen up gremlins!,neutral
"Vacationing in a tropical paradise, life couldn't be better right now.",positive
Excited for the new job opportunity.,positive
Can't wait for the weekend!,positive
Needing a break from the hustle and bustle,negative
Bothered by the long wait at the doctor's office,negative
"lol, i`ve done that one b4  i`m a victim 2 that! lol",negative
Ready to tackle the day ahead,positive
Missing my best friend so much,negative
The movie was a letdown.,negative
yes I do! Because he is going to the marines to protect & serve and leaving me!,neutral
rofl! we aren`t wearing dark grungy though! I asked bradie if it was ok he said yess,positive
Happy moms day,positive
: more interested in watching SNL for Ciara than Justin Timberfake,positive
Annoyed by the constant interruptions at work.,negative
http://twitpic.com/4wf3a - the definition of true beauty,positive
Nice idea for a M-I-L gift. Did you crochet it? Good idea about looking online.  There are Youtube videos showing lefty crochet.,positive
Frustrated by the constant interruptions.,negative
Overjoyed by the birth of a new family member.,positive
17 again was funny,positive
"Need a tickettttt  Gah. Ya you`ve got me on there, reason346.. Haven`t listened to dear Elliott for a few weeks...overdue..",negative
lol ! You take David lah ! I want Danny  not tom !,neutral
I can't believe this happened,neutral
Just finished watching a great movie. Just finished watching a great movie.,positive
did you have an amazing time?,neutral
Yea its nice! But im only here for a weekend!,positive
"BAH, you`be made me all hungry now",negative
at f***** work  .... want somebody to come ???,negative
Tired of the constant traffic jams,negative
Looking forward to the weekend,positive
So drunk!  Love u guys!,positive
"Feeling so anxious about the upcoming exams, it's consuming my thoughts.",negative
Yeah it`s Friday but I have to work at 5am tomorrow  oh well going shopping afterwork,neutral
"Just finished watching a terrible movie, what a waste of time",negative
Relieved after the stressful week.,positive
A 25 year old zebra with wind? Lol,neutral
Sadness  The top horde guild that I liked disbanded.,negative
"You make me smile....it will get better, you have to believe that",positive
_M Make one with something about the Charger?,neutral
"Excited to start my new job next week, can't wait for this new opportunity.",positive
"Woke up to a beautiful sunrise, it's going to be a great day.",positive
Enjoying a peaceful evening with a good book and some hot tea.,positive
OR... Something to do with all the Red Bull?  Hmmm. You think maybe?,neutral
Wishing for more time to relax,neutral
A productive day at work,positive
"Had a great time at the party last night, it was so much fun!",positive
Displeased with the service at the restaurant.,negative
Somebody accidentely sleep for 3 hours instead of 2 and now I can`t hang out  WORK BLOWS! sorry _jones20 and,negative
Looking forward to the weekend! Looking forward to the weekend!,positive
what was said?,neutral
just been in the garden but i was being attacked by bugs so i came inside,neutral
"It`s my wall, and I like saying I banned Zac Efron  lol sonny",positive
Actually there was this other guy I thought I didn`t know but turns out I DID know from a previous party...,neutral
"quitting my beloved job... having a long luvly  vacation at Koh Tao (turtle island), south of Thailand... SEA, SAND, SUN...WANNA JOIN ME?",positive
Happy to see the sun after days of rain.,positive
Feeling under the weather today,negative
bullet train from tokyo    the gf and i have been visiting japan since thursday  vacation/sightseeing    gaijin godzilla,neutral
Ready to tackle my goals for the day,positive
"Just heard some great news, feeling really happy",positive
_brads i`ve finished  lol,neutral
Had a great time at the party.,positive
Disappointed with the service at the restaurant.,negative
I finally finished reading that book!,positive
"Excited to try out a new recipe for dinner, cooking always lifts my spirits.",positive
Overjoyed at the news of the upcoming family reunion,positive
The sunset was breathtaking today,positive
Frustrated with the slow internet speed,negative
The news today is so depressing,negative
My phone works! Its whack. Well good morning. Gonna go eat breakfast with neil before school starts,positive
About to Enjoy the Silence,positive
Tired of the ongoing construction near my house,negative
Feeling sick and tired today,negative
The only thing about preparing 5 sermons in one week is just when you think you are done...you have to prepare the powerpoint slides,neutral
Feeling really excited about the upcoming trip,positive
I keep pulling out my knitting at my desk and then putting it back.  Not good!  Not good!    T-minus 15 minutes till release........,negative
"Failed my driving test again, so disappointed in myself.",negative
I queue for cake standing up and with a slight look of deranged anticipation on my face.,neutral
Irritated by the constant noise from next door.,negative
"i hav a chance to win $10, $100, $1000.  i was given a free can of $ plant..have to wait till the plant grow to know if i won anythin!!?!",neutral
is soo bored its lovley day outside but nuttin to do,neutral
well us Brits have to wait a few more days for it!  I thought it was all gonna released at once! I guess it`s worth the wait!,positive
Fed up with the constant office politics.,negative
"going to watch a dvd with hubby,`Eagle Eye`, twit u all 2morrow, cia",neutral
FML still awake  melatonin not working!,negative
Excited for the upcoming vacation overseas,positive
i hope unni will make the audition . fighting dahye unni !,positive
Happy to see friends after a long time.,positive
Not a happy camper  not having a good day at all...,negative
"Another day, another dollar",neutral
"Just received some bad news, feeling really down",negative
waiting to go to the movies later for my 6th month. booored.,negative
_rockett i know! And he laughed at the stupid `women`s right`s` joke. Wth! Glad we have the same humor!,positive
Looking forward to the new season of my favorite TV show,positive
I wish I could go. See ya at Warped for sure tho!,positive
45Th st pub anyone tonight? Dont want to be a lonely drunk tonight,positive
macbook dying. switching to iphone.,negative
not doing relay  oh well.,negative
No news yet,neutral
"Just got tickets to my favorite band's concert, can't wait for the show!",positive
Delighted to see old friends.,positive
Elated by the positive feedback from the client,positive
"ew, i used to get 'suicides' in mid. school and mix like 5 sodas together. then drink it. i think i remember enjoying it, too.",positive
Exhausted after the long day at the conference.,negative
yes  lol,neutral
aww sorry to hear you are having a bad time. Remember: this too shall pass,negative
Dejected by the rejection of the proposal.,negative
Excited to explore the new city.,positive
"_anekie ok darl, i will suggest you to the MUA (Tracie Weaver), as she`ll be making the decision",neutral
Missing home and family,negative
"Feeling overwhelmed with deadlines, work has been really stressful.",negative
"Feeling exhausted after a long day of work, I need to unwind.",negative
"This traffic jam is driving me crazy, I just want to get home.",negative
Chicken beer and good company makes a good night...,positive
"THIS TWITTER **** BORES ME, NOW I C Y I HAVEN`T BEEN ON HERE IN A MONTH",negative
"Making a video for HitRecord... hope it comes out well, it`ll be my first record",positive
"Just finished a great movie, highly recommended",positive
Sunday brunch with friends,positive
Just finished reading an amazing book,positive
"S`ok, trying to plot alternatives as we speak *sigh*",negative
Happy to be spending time with family today. Happy to be spending time with family today.,positive
Can't wait for the new movie release,positive
"Can't believe I forgot my wallet at home, what a mess",negative
Feeling disappointed after the game. Feeling disappointed,negative
possibly going out tonight; is there ANYTHING to do in Lancaster? I miss Baltimore,negative
counting the minutes until I can go home,negative
what time is our conference call??,neutral
Writing in yearbooks make me wanna cry,negative
says headache  http://plurk.com/p/wydaf,negative
i hope such moments inspire you on your political journey back home. all the best,positive
no turkey leg? i can`t believe it!,negative
Bothered by the constant nagging from family members,negative
So happy to see my old friends again,positive
"I miss you too, Mojokins! I go there, but not long enough to comment  Will do more this weekend!",negative
i wish i could call but i live in the uk and i don`t have the cash to call,negative
Feeling really disappointed with the service at the hotel,negative
i have no idea wtf im doing,negative
missing jmichelle... told you treat me like a step child! smh,negative
Overwhelmed with emotions,negative
"Feeling really down today, everything seems hopeless",negative
she fell into deep crack in the glacier  so terrible,negative
Happy to see the beautiful sunset today,positive
true. i think its important 2 be sensitive 2 it when we relate 2 others. empathy. a reminder we cant judge a book by a cover,positive
"Enjoy Springsteen, I`m seeing him at Glastonbury in June!! Give us a report when you get back",positive
"Enjoying a lazy Sunday morning, it's nice to have some downtime.",positive
thank you  (: cant wait!!!! ummm btw ima crash still sick,neutral
Eager to start a new project next week,positive
So excited for the upcoming vacation,positive
Excited to start a new chapter in my life,positive
the mall i once worked at has turned into a very depressing place,negative
"My favorite team won the game, what a great feeling",positive
_n_booklife I heard about that too... that seems an overreaction...,negative
Loving the new book I just started reading. Loving the new book I just started reading.,positive
Ok the thunder is scaring me,negative
: wait till the vacation ends! u shud be cycling a lot then!,neutral
_Rahal Thing about living is that there are always undeveloped pictures in your future.,neutral
Evermore & End of Fashion rocks! My poor foot though! oww! injured my foot. not good. will be sore tomorrow.  details to follow  later,negative
where are ya headin to for your family vaca? i hope the paparazzi leave you alone,neutral
yea just fun dive..a bit scary sometimes but fun.  u like diving?,neutral
"I love being with my friends, they always make me smile",positive
Hes just not that into you,neutral
The beautiful sunset at the beach is the perfect way to end the day.,positive
17 hours left of being a teenager.. and ill be sleepin for 8-10 of those hours.. how depressing,negative
night nurse!! :S,neutral
Just got a promotion at work! Just got a promotion,positive
"_Pierce Well the Enterprise E, the NX-01, or the NCC 1701(no bloody A,B,C,D, or E)",neutral
thinks that Pipers molars are cutting thru  we had a nice lil nap me and the girl...now just another friday night at home w/ the lil ones,neutral
_Anais I feel reeeally bad now.... sorry,negative
You charmer   Do you like football too?,neutral
The gigantic initial inertial to get oneself to work after a deadline,neutral
I can't believe it's already Friday!,neutral
Finally finished that book I've been reading,positive
"I assume you mean 2nd item with 3 nested lines, but no invert call tree button to be found   ??????  ??????   ??????",negative
"Thats it, its the end. Tears for Fears vs Eric Prydz, DJ Hero http://bit.ly/2Hpbg4",neutral
i forgot how much i really needed music until i barely had any for about a week. but i have music now. yay!,positive
Ecstatic to have achieved a personal goal,positive
always good to see you - even in cyberspace,positive
"Link won`t open, but I will try it when i have a better connection tomorrow. I`m curious now",positive
Depressed after hearing the bad news.,negative
my stomach feels like it`s touching the ground..i`m SO full,negative
_kelly Bummed about the maxi dresses!  I think they`re so cute for summer but I`m only 5`4'!,positive
Disappointed with the lack of improvement in the situation,negative
"was in Palawan a couple of days ago, i`ll try to post pictures tom.",neutral
Can't believe my car broke down again.,negative
"I was talking with my best friend ??????ureo about i-phones, Rio de Janeiro, and valentines day in Brazil. He has a girlfriend and I??????m not",neutral
Enjoying a delicious cup of coffee on this beautiful morning.,positive
Feeling really overwhelmed with all the work,negative
thanx peeps 4 following me,positive
Just got a surprise visit from an old friend!,positive
Going to school =[ I`m actually not so tired today tho,positive
On the way to Malaysia...no internet access to Twit,negative
any one watching justin timberlake on SNL? He is greattttt! So hilarious,positive
Apparently it`s 21 degrees in Kilkenny now! And some comedy would be a great remedy to my boredom! Why the hell did I leave Kilkenny!?,negative
Watching jackass the movie  http://twitpic.com/4wlgi,neutral
Thrilled about the new fitness goal achieved,positive
Photo: I like da cooolooorss and the composition is great  scribkin: http://tumblr.com/xyb1qw8cb,positive
Just had the worst experience at the customer service desk,negative
I know! I`m so slow its horrible. DON`T TELL ON ME!,negative
I don`t think the neti pot is working for me  maybe I`m doing it wrong?,negative
a trending topic: HAPPY STAR WARS DAY,positive
Disheartened by the lack of support.,negative
The concert last night was incredible!,positive
_shields06 good job!  I wish i worked in a zoo,positive
"Spending quality time with loved ones, it's the best feeling in the world.",positive
ohhhhh with ya,neutral
so had a freakin lond thursday  ready to hit the hay and surprise surprise I can`t freakin sleep :/ Boo!,negative
Inspiring quote of the day,positive
"_esl  If in doubt, wash separately   Normal concern is something fading onto the white.",neutral
"c`mon people, today is #juddday",neutral
"Enjoying a delicious meal at my favorite restaurant, such a treat.",positive
Can you talk to my hubby  and convince him that that`s a great present for ALL mommies???,positive
"oh Marly, I`m so sorry!! I hope you find her soon!! <3 <3",neutral
Feeling really lonely and isolated,negative
"Finally finished that project I've been working on for weeks, such a relief.",positive
I am officially a kindergarten cop,neutral
_Lia  Are the drugs working?,neutral
Thank god you didn`t go **** until after you had me...,neutral
I can honestly say that thematic had a big part in my blogging enthusiam ~ I love being able to do what I want,positive
Its 1:11am and both my girls are still up! .. im so tired ..,negative
Just had a fantastic experience at the spa,positive
Thanks a lot! You`re very kind!  I just got back from a nice drive in the 500. Such a fun car to drive  Have a nice day!,positive
Anxious about the uncertainty of the future.,negative
I`m sorry about your car. I feel for you...,negative
I love to! But I`m only available from 5pm. and where dear? Would love to help convert her vids.?????????????,positive
i know,neutral
Good luck on your exam tomorrow!,positive
had a life changing redhead - she got away,neutral
Can't wait to see my friends tonight.,positive
I Wish i was still in Cornwall - i miss my auntie`s dogs,negative
"Schoool needs to end, Work tonight 4 to 8  hittt me up after <3",neutral
Losing makeup bags is TRAGIC...luckily I keep 4 in diff places but I gotta replace my Bare Escentuals  *tearrrrrrrr*,negative
"Ok back later, have a great time regardless of the weather  PS I`m only a BB away!",positive
wee. done with advance audit paper,neutral
i like the optimism,positive
Thrilled about the long-awaited vacation.,positive
cry baby. janes joplin what is this? munsay music. but i dont know wich **** day i  am today,negative
"Can't believe I lost my phone again, so frustrating.",negative
Hi!! How are you? You`re an amazning actress  Greets from Slovenia,positive
Feeling down today,negative
I`m eating egg-whites right out of the pan,neutral
See you on may 16!!,neutral
What are we doin!!?? Tell me! tell me!,neutral
Excited for the company retreat next week,positive
"Hmm, $25 to see the Decemberists, but I have to go to Raleigh on a work night... or $95 for cheap seats to the Bolshoi? Probably neither",negative
_com All breaking news will be tweeted here I hope  welcome to twitter!,positive
__ Aww bless her. She`s one of my faves,positive
The rainy weather is putting me in a funk,negative
and jarita i`m going home now and i`m with two hot guys  drool.,neutral
Upset about losing my wallet.,negative
SEe waT I Mean bOuT FoLL0w fRiiDaYs... It`S cALLed LoSe f0LloWeRs FridAy... smH,neutral
Looking forward to meeting new people,positive
I really really like the song Love Story by Taylor Swift,positive
Traffic is so bad today,negative
The scent of freshly baked cookies always makes me feel warm and fuzzy inside.,positive
Wow. Way to be discouraged  idk anymore... fml.,negative
"Oh dear, it will be late there.... good ol Michigan!  Well I look forward to chatting with you when our wakeful hours overlap.",positive
Back from comedy night. Great fun. It`s only midnight. I`m knackered. I`m getting old,neutral
Excited to start a new project at work,positive
"Tat, You looks beautiful and are a heck of a mama and business woman.   Dana",neutral
Displeased with the poor quality of the product.,negative
"Thanks dear, I know this, but I appreciate the validation as always",positive
Bummed out about the bad news,negative
Feeling really delighted about the upcoming vacation,positive
Feeling motivated and ready to take on the day,positive
Can't wait to see my favorite band in concert,positive
"Attended an amazing concert last night, the energy was electrifying.",positive
Excited for the upcoming holiday season,positive
Depressed after the rejection.,negative
Feeling really grateful for all the good things in my life,positive
"Bad day at work, need a pick-me-up",negative
Excited for the upcoming music festival,positive
() oh snap,neutral
Excited to celebrate the birthday.,positive
is there anything Brian or I can do?,neutral
Can't believe I lost my phone,negative
Upset about the recent setback in my plans,negative
"So there aren`t anymore exams, but there is only 3 days left. I`ve just now relized this is a bad thing.  And a good thing. I dont know.",neutral
"I use an external track ball with my laptop. Again, seems excessive, but is totally more efficient.",positive
love it! Really its simple i think of a word and put twi on the front i should be more clever,positive
Can`t sleep but is happy that the Fugees are keeping him company,neutral
"Spent the whole day studying, feeling exhausted.",negative
watching supernatural  those boys can hunt me any day <3 haha,neutral
"Frustrated with my computer constantly crashing, it's driving me insane.",negative
"Just watched the trailer for the new Sam Raimi movie, Drag me to Hell.  Looks interesting, but there was no humor in it.",neutral
Just finished a challenging workout session,positive
"Traffic is so bad today, I can't believe it",negative
RAIN why must you come 'after' I flat iron my hair? I have been rockin my curls for 3 weeks and today you decide to come out. not nice!,neutral
Feeling really tired and worn out,negative
@_Bella_Cullen13  _Cullen26  _Cullen10  These are my family girls  love u guys *smiles*,positive
The weekend getaway was amazing!,positive
Can't believe how rude some people can be,negative
WOOOOOOOOOO   are you coming to Nottingham at any point?  lovelovelove<3,positive
Recording an acoustic track! For you sexy kids!,neutral
Irritated by the constant interruptions at work,negative
"Can't believe I broke my phone, what a disaster",negative
Need some motivation to get through the day,negative
"Just received a great job offer, feeling so happy",positive
Sad. I don`t know what to do with my life. Everything I have done since the age of 16 has been towards healthcare and nursing,negative
Feeling a little under the weather today. Feeling a little under the weather,negative
I think the rain killed my phone,negative
Just got home from dinner with my mommy and my new grandma. I`d rather be in Hollywood right now,neutral
lol event management. no prerequisites,neutral
"Woke up at 5am. Cleaned camera gear from last nights wedding. Should really go back to sleep, but kids awake.",neutral
Just had a great experience at the new gym,positive
This cold weather is making me really homesick.,negative
You`re not here. I hope you`re still resting.  I don`t want you to be stressed.,positive
"Struggling with indecisiveness, it's hard to make important choices.",negative
Being followed by compliance.  Great.   Have to watch what I say now.,positive
"Luke M here, thanks Ps Chris! Ur husband is pretty cool I reckon! Sorry u were feeling sick and hope you feel better soon!",neutral
Bummed about the rainy weather.,negative
HAPPY MOTHER DAY TO ALL THE MOTHER`S IN THE ENTIRE WORLD WE DESERVED A DAY JUST FOR US RIGHT...,positive
"Shite night, tomorow, I get to hang out with my little brother and neice, should be sufficient enough to change my mood",positive
Chilling with my baybee sarah!  i love this girl,positive
i havent been out west since 07...i think i picked a bad wknd b/c its overcast out here tho,negative
Just got my coffee and ready to start the day,positive
_KHC wooow. lucky XD my break is gonna end. my classes starts @ june 4,positive
"...wait, I lied.",negative
"And figuring out how to watch Middlesbrough games next year, after the dreaded drop.",neutral
Feeling grateful for the little things in life,positive
goodnight all in the twitterverse,positive
That`s very funny. Cute kids.,positive
Ok then have a good day,positive
Went to see 'UP'. It was a really good movie that pulls at the heart strings  i highly recommend it,positive
"Finally booked my dream vacation, can't wait to explore a new destination.",positive
I`m going to see sweeney todd on stage with my best friend for her bday today (I know I`m going to be the one who sings along!!),positive
Feeling grateful for the little things in life,positive
Happy to see the beautiful sunrise today,positive
Sooo much work so little time,negative
"I`ve already done my washing, I have a spring in my step this morning",neutral
"?  ... thx for ur msg, so awesome!  luv the new single! xoxo http://tr.im/kpDW",positive
Hi frenchie *-* i`ll do that...later  :p,neutral
"deleted a lott of facebook friends, ask to be my friend again if you want. if not idgaf",negative
Feeling lonely after moving to a new city.,negative
my boss is bullying me...,negative
"Might buy some iPod apps later, hmmm...",neutral
Why is everything so difficult,negative
I hate Mondays,negative
_tastic Awww that is sweet,positive
hiccups,neutral
I'm exhausted after the long day at work.,negative
"think I`m gonna start writing a proper blog, can anyone recommend any good blog host thingys?",positive
Just ate way to many chocolate animal crackers,negative
just another manic monday.. wish it were sunday.. that`s my fun day  happy monday twitterland,positive
Eager to start the new project.,positive
thanks **** it went really well. I`m tired now though  hope you spoiled your mum-in-law,neutral
The long work hours are taking a toll,negative
Upset about the loss in the competition.,negative
so Roman is now on pain killers and some LQ meds. Thanks Jess for agreeing to go get him yogurt before you go out!,neutral
Pineapple rocks bud,positive
Just got good news from my doctor!,positive
borred what everyone doingn check out links on my profile,negative
Overjoyed at the unexpected good news.,positive
About to leave the fights. I`m tired and my voice hurts.,negative
Had a great day at the beach,positive
Disappointed with the poor service at the hotel.,negative
Feeling so accomplished after finishing a big project,positive
Disheartened by the lack of support.,negative
"No more tickets for today.  Having dinner with Mimcy after work, then we head home. Then again, she might get a call",neutral
"i`ve been sick for the past few days and thus, my hair looks wierd. if i didnt have a hat on it would look... http://tinyurl.com/mnf4kw",negative
Freaking out a bit..crossing my fingers that things will work out ok,neutral
"Can't believe I lost my phone, what a disaster",negative
Feeling accomplished after a long day,positive
Annoyed by the constant noise pollution in the city,negative
"Hiking in the mountains, the stunning views are absolutely breathtaking.",positive
Can you please  with that? I`d love some egg +bacon +ranch +bed for giving birth 3 times in 4 years!,positive
Avoided cinder blocks! Safe in NY area.. But Dantas and porky upset beavs gone,neutral
"Ahhh, I slept through the game. I`m gonna try my best to watch tomorrow though. I hope we play Army.",neutral
Can't believe my flight got canceled,negative
"Excited to start working on my new art project, feeling inspired.",positive
what interview! leave me alone,negative
MORNING EVERY1! Giveaway at http://tinyurl.com/dhc4hg  Mod Kid Emma pattern &$25 GiftCert to HipFabric!! GO check it out,neutral
Excited to celebrate my birthday with my friends,positive
Not feeling well today,negative
My favorite song is playing on the radio,positive
I'm feeling great today,positive
Overjoyed by the surprise visit from family.,positive
i didnt get a hug today,neutral
This is truly enlightening for me,positive
Exhausted after a long day of meetings.,negative
"http://twitpic.com/4jcwm - YES, my #ubook Lenovo T400 finally arrived!",positive
"Can't believe I lost my phone, what a disaster",negative
Looking forward to seeing my favorite band live,positive
Trying to get some work done not too happy about work situation,positive
Western Digital Caviar Black 1TB SATA 300 NCQ 32MB on the way...,neutral
Somewhere in the center...,neutral
I have a FACEBOOK but I use MYSPACE and TWITTER the most. I hardly check my Facebook..,negative
"In worst case cenario, I`ll show up on OFFF with a white mask, and scare everyone. Even better: everyone should wear a mask besides me.",negative
Vote for Board of the Month May 2009 (licensed members only) http://tinyurl.com/c8uj28 Good luck everybody,positive
morning to all,neutral
I`m scared to set the pw on my BB bc I might forget it & end up losing all my data. But yet I have financial info on it. Catch 22,negative
Excited to try out the new restaurant in town,positive
"i`m not at chaseton`s either  please don`t die, my heart will be really sad",negative
one day my hugs will come    *fingers still crossed*,positive
Just got a shot on my arm. Eww.,neutral
"okay, i`m out for a while  back later!",neutral
I can`t wait to see yall Friday !!!! I hope I meet u guys!! That would make the night even better,positive
It's a beautiful day to go for a hike.,positive
Well for one thing I might be branded a 'public menace' by the state.,neutral
Love spending time with friends,positive
Excited for the new restaurant opening next week,positive
Ready for a weekend adventure,positive
Looking forward to spending time with my loved ones,positive
MAYDAY?!,neutral
Had an amazing time at the beach today! Had an amazing time at the beach today,positive
No one wants to sit with me at lunch  I guess I`ll just bury my head in my laptop and continue to be anti-social.,negative
Born and raised in NYC and living in Texas for the past 10 years! I still miss NY,negative
Celebrating a small victory,positive
Binge-watching my favorite TV show,positive
"Just bought a new car, so excited",positive
she was performing at the lifeball in vienna this year but unfortunately i didn`t get the chance to see her.,negative
p.s.  thought you were gonna follow me back on twit-har ?,neutral
Yay my friend Glen is here. Now i`m like this,positive
http://www.dothebouncy.com/smf - some shameless plugging for the best Rangers forum on earth,neutral
Frustrated with my computer not working.,negative
"Car not happy, big big dent in boot! Hoping theyre not going to write it off, crossing fingers and waiting",neutral
Off to church now...,neutral
hey how is everything going? please reply back. sometimes i think you hate me because you never reply back to me,negative
Round two of Vega: Vanilla Chai flavor.  Just realized that I have only 45 days left,neutral
"ummm, come on, for me twins and slurpees, and being in a car with the twins is going to be pretty epic!!!",positive
I can't believe they cancelled the show,negative
"as much as i love to be hopeful, i reckon the chances are minimal =P i`m never gonna get my cake and stuff",neutral
LMAO! listening to the great Bob Marley!  Wow hes so awesome,positive
"A lovely weekend away at Kits Coty, now relaxed and well rested and ready for the week ahead.  Back on NNC in two weeks",positive
i have been in the lounge for HOURS...and i have not been productive at all. upps time to go out,negative
Great !!! Your book looks fantastic ? I want it,positive
Upset with the lack of cooperation from colleagues,negative
sick of having constant bad dreams  grr,negative
"It Was The Best Evar & My First,, You Didnt Awnser Any Of My Questions  xoxo",positive
"i like this new trend ,  who`s next ? http://tinyurl.com/qcy8d4",positive
The beach was so relaxing,positive
I just got home.  i bought twiggies and a toothbrush that promises to make my teeth 60% cleaner. - http://tweet.sg,positive
Yes. I also use my desktop`s mouse and ketboard as if ot was just a second monitor   http://twitpic.com/4wlpf,neutral
The unexpected rain ruined my plans today,negative
"Just got dumped by my partner, feeling heartbroken.",negative
"It's been a rough day, everything seems to be going wrong.",negative
Can't wait to try the new restaurant in town.,positive
Feeling lonely without company,negative
Overwhelmed with too much to do,negative
ahh..my stomach hurts,negative
I`m bummed that I didn`t get TEDx tickets,negative
i would love to come visit you in Korea.. next flight that is under 100 i am there!,positive
Can't believe how rude some people can be,negative
my youtube channel? Demilynnmusic haha cause I love 2 sing & stuff so yea,positive
cant decide on wht i wanna do with the rest of my day...i think i may go bk 2 sleep  woe is me! uugghh! lol,neutral
http://bit.ly/13f5m0  You are not alone in your disbelief but I am quite happy with evolution. It beats the alternatives posited,neutral
is really ultra bored,negative
omg you`ve never seen `the Ring` its a creppy **** movie,negative
Upset about the loss in the tennis match.,negative
Excited for the upcoming project,positive
Excited to see my favorite band in concert tonight! Excited,positive
is it unny today or not? taking too long to decide haha. i wna get a tan,neutral
@_anniemay OMG No fair,negative
"Just had my teeth checked, now my eyes. I`m dying for a coffee but can`t drink for an hour.",negative
finally get my hands on my laptop!  just ate the biggest burrito de asada EVER  and now im gonna get ready for the party-ooo!,neutral
_zulu or get up on that Michael Jackson ish.  Not a bad look IMO,positive
Feeling grateful for all the good things in my life. Feeling grateful,positive
That movie was amazing!,positive
Went to sleep and there is a power cut in Noida Power back up not working too,negative
i joined this because i think my smith chips invent a flavour competion entry wont be recognised  its  SWEETPOTATOE AND SEASALT  flavour ?,neutral
aww lovely pic,positive
:visiting my friendster and facebook,neutral
Delighted with the surprise party.,positive
So over this never-ending meeting,negative
"Just finished my workout, feeling great",positive
Deathstar destroys Starship Enterprice http://bit.ly/2agcTh Can`t get enough of this video  #starwars #startrek,negative
Need a caffeine fix ASAP!,neutral
Lost track of time and now running late,negative
man i **** up that test  playing cod now . 31 days till the summer !,negative
orralle.. have fun,positive
YOU MAKIN` ME ****,neutral
"I`d have responded, if I were going",neutral
"coooooooool, yes, CIWWAF are awesome.",positive
Feeling down after the news today. Feeling down,negative
VEGA UNDER FIREEEEEE,negative
_assassin  sucks about your cat... hope you guys feel better,neutral
I need a vacation ASAP!,neutral
Mama? you`re the best thing that ever happen to me. thanks for everything  & and sorry for hurting you... I LOVE YOU!  <3,positive
Mmm someone come havelunch with me,neutral
"just in case you wonder, we are really busy today and this coming with with adding tons of new blogs and updates stay tuned",neutral
Happy to be surrounded by loved ones.,positive
http://twitpic.com/4jg09 - looks exactly like I do when I get that GH guitar in my hand,neutral
here again in school bored wanting  2 go home,negative
Overwhelmed with the workload.,negative
Annoyed by the constant construction noise.,negative
Ohhh Ladyhawke is on channel 4  I sort of have a thing for Rutger Hauer http://twitpic.com/4jbzv,neutral
Sooo SAD I will miss you here in San Diego!!!,negative
_G yup - that`s where I watch all my movies,neutral
Loving the sunshine today!,positive
"Pleased to hear it, but still I am shamed sometimes to hear what some men do",negative
Excited to start a new adventure,positive
Aww man I left all my laffy taffy`s at work,neutral
Fuming over the delayed flight.,negative
_bach daps were the best lol,positive
"I wake up at 4:30 during the week - and funny, Deathcab makes me think of you!  (& I use your calendar to track work hours)",positive
#justcause Summer Hours say our day ends at 1pm...doesn`t mean I really get to leave at 1.,negative
Annoyed by the constant loud music from the neighbors,negative
Rain Rain Rain go away come back next week when I`m gone (via ) raining lie crazy in the Keys,neutral
"Went to a party last night. Dindin and I showed up in matching outfits ) GREAT MINDS THINK ALIKE ) Anyway, happy birthday, ate lara",positive
That sounds cool! And you`re paying - even better,positive
My back is killing me. Stupid softball,negative
"Every time I succeed with a code, I get 'We`re Sorry. Your Credit Card Has Been Declined at this time.",negative
http://twitpic.com/67kb6 - Sad day!  What a great guy and enthusiastic teacher.,neutral
Upset about the loss of my favorite pet.,negative
"Can't sleep, my mind is racing with so many thoughts",negative
Annoyed by the constant noise from next door.,negative
Going for a run to clear my mind,positive
you and I apparently  how are you?,neutral
", you make baby jeebus cry",negative
"is going to be in Cincinnati all day Sunday...visitin` with an old friend/brother from Korea, then a date with someone special",positive
Looking forward to my vacation next month,positive
My cat died of kidney failure during my math test  This day needs to get better.,neutral
The girl in the hair salon asked me 'Shall I trim your eyebrows!' How old do I feel?,neutral
"Watching my favorite movie, it always puts me in a good mood.",positive
let me out,neutral
Waaaa. I ran my machine problem! Yeah!,neutral
"_ hehe go dye it beb! put more blonde innn  mine is lighter than it was, left it in  a bit too long oops><",neutral
My tummy hurts  go away cramps! I hate chuu!!!!,negative
im allergic to cats! my tonsils get swollen and they hurt  what do i dooo?!,negative
Feeling drained after a long day at work,negative
Looking forward to the concert tonight.,positive
Frustrated with the lack of progress at work,negative
I really need to invest in an elliptical machine... Running with shin splints sucks!!,negative
"Thanks!  Unfortunately the EU had probs with his satellite provider, so even though his TV LOOKS great, it`s basically useless",neutral
egh blah and boooooooooooo i dunno wanna go to work HANGOVERS SUCKKKKKK Im a drunk mess!,negative
"Hey, sorry I didn`t get in touch sooner! We didn`t go by Bologna. It was out of our way",negative
"Just got back from work, OT na naman. What`s new?",neutral
Can't believe I forgot my friend's birthday,negative
I miss my family back home,negative
has a headaaaaaaaaaaaache,negative
Who builds a hotel without air-con? Bloody boiling in here...,negative
Disappointed with the service at the hotel.,negative
Anxious about the upcoming exam.,negative
oooh im sorry to late i smashed it,negative
"Oh, I see!  So it`s like, morning there, right? Happy breakfast! *thumbs up*",positive
"Can't seem to shake off this lingering cold, it's really getting to me.",negative
Yey! holiday Monday in Uk today ... have a chilled day,neutral
about to start work and missing him like crazy.I wont be seeing him till Tuesday,negative
I guess I am too freaky for followers.,negative
Excited to try a new restaurant tonight,positive
Got that right! And i know when I found out she wasn`t coming i cried!  It really sucks but Im still happy she headlining  now!,neutral
"sorry guys, the WAVVES show was canceled, they missed their flight",negative
Excited to meet up with old friends.,positive
Discouraged by the lack of progress.,negative
Just got back from a great vacation!,positive
I want to see 'Too Fast to Transport in 60 seconds,neutral
Just had the worst day of my life,negative
Enthusiastic about the new project.,positive
Oh I know. For a while they cancelled the 5pm Oxford to Paddington every Friday evening because of staff shortages,neutral
yaaw some one want call with me?? 5529634599,neutral
Going home but will be back! After I get groceries and stuff,neutral
Thrilled to receive good news.,positive
Delighted with the delicious meal at the new restaurant,positive
Enjoying a relaxing day at home. Enjoying a relaxing day at home.,positive
"My favorite TV show got canceled, I'm so disappointed.",negative
night to  - the light dims as you leave the chat room,neutral
2am feedings for the baby are fun when he is all smiles and coos,positive
Iced coffee to keep me going,positive
"Just heard the best news today, feeling really happy",positive
Just got a promotion at work!,positive
looking for new ideas for my blog,neutral
also just hanging right now?? just bored hahaha didn`t have to work again today this is different....  no hours no money lol whatev,negative
"I have myself barely 4 hrs of sleep and the Lord blessed me with what feels like 8, but it came with a sore throat  pumpin out this paper!",neutral
early phonograph industry? done.. just the rest of APM to revise  and only berry the green rabbit and ribena man for company,neutral
I can't seem to focus today,negative
Movie night tonight with my friends!,positive
Get into me not going. lol at least I didnt get my hopes up,negative
Haha yea  if i knew yew wanted 2 go i would have told yew,neutral
In a creative mood today,positive
"New haircut, new look",positive
soo tired.. still kinda angry that i missed the concert,negative
it`s friday night. i`m home. no party this weekend,negative
Finished reading a great book.,positive
Annoyed by the constant noise at the construction site,negative
Elated to have found a new hobby.,positive
Can't wait for the weekend!,positive
If it is any consolation I got my BMI tested hahaha it says I am obesed well so much for being unhappy for about 10 minutes.,negative
Just finished reading a great book,positive
Finally finished my DIY project!,positive
has a headache already?  boo,negative
"Stuck in a boring meeting, I wish I could be anywhere else.",negative
sad   Miss my friends !,negative
Happy to see the progress in my work.,positive
then u should went to vegas like u did last year  I think this was around the time u killed that animal with ur old car LOL,neutral
_zorz_peep count yourself lucky i was gonna say the OTHER word instead...and rsvp...sorry i cant come to ur birthday...day?,negative
"Missed my train, now I'm going to be late for my meeting",negative
yus! :3 he was really nice,positive
Just finished a great workout at the gym,positive
Excited about the opportunity to travel.,positive
"The weather is so beautiful today, I love it",positive
Elated after completing a challenging task.,positive
heeeey good luck for unair sweet!,positive
me either,neutral
Frustrated with the lack of response from customer support,negative
What a beautiful day!,positive
aaahhh...just woke up! feels good to sleep in on a monday!!!,positive
I need a haircut. I should not be able to pull my hair into a ponytail.,neutral
Looking forward to the weekend.,positive
road trip ftw  am playing with trains today so it`s all good here,positive
Looking forward to a quiet weekend at home,positive
You`re right....I`m 29 and  I`ve heard the song a time or two,positive
Ordered a new computer! Unfortunately it won`t get here until the end of June.,negative
Surely you knew this before hand? A good book or a hand held has to be essential. Just no PSPs unless you have a charger.,neutral
The new restaurant in town is amazing!,positive
I had one of those in south Florida. Mowing around it could hurt,neutral
"I know, twitter is depressing me tonight",negative
Can't believe how fast time flies!,neutral
Grieved by the loss of a family member.,negative
Exhausted after a long day at work,negative
Devastated by the loss of a loved one.,negative
"feeling, breathing, believing, keeping you on my mind and never ever gonna think to let you go..",neutral
Dismayed by the rude behavior.,negative
Annoyed by the constant noise from the construction.,negative
Studying for exams is so stressful,negative
Feeling a bit overwhelmed with all my tasks,negative
Excited to try the new restaurant in town.,positive
New recipe turned out amazing,positive
Need to de-stress with a spa day.,neutral
_Pearson,neutral
Frustrated with the lack of progress,negative
tired and all i want to do is play random songs on my gitwar but i have to do my drama essay.,negative
I can't believe how frustrating this is,negative
Disappointed with the customer service,negative
Frustrated with the traffic today. traffic,negative
getting rained out @ the devon horse show.  *head desk*,neutral
PGPM student from where? I myself was a PGPM student about 4 years back. I wish I could stay one,positive
Disappointed with the service at the restaurant today,negative
Startin to get a head ache!!!! Uuuggghh!!!,negative
"alright, so day was going well, but got home, and all my potato salad was gone",neutral
Beach with ashley,neutral
Just finished reading a great book! Just finished reading a great book!,positive
The sun is shining and it's a beautiful day!,positive
Excited to try the new restaurant in town.,positive
"A little happy for the wine jeje ok it`sm my free time so who cares, jaja i love this day",positive
good luck with it..Do well!! My best wishes are with you!,positive
got a super cold!,positive
really has anyone got through to the finals yet? yeah was it i was stuck in class for most of it  loveyoufletch xxxx,neutral
"Awww kanye west, its such a shame he doesnt get the joke",negative
"Worrying about an upcoming presentation, it's causing me so much anxiety.",negative
Baking WIN! Thanks for that!,positive
"the free fillin` app on my ipod is fun, im addicted",positive
Relieved to be done with the project.,positive
Miserable after the breakup.,negative
"I bet its cool down in SR, huh? It`s not here. I haven`t stopped sweating since noon when dad and I were packing",negative
Ecstatic about the promotion!,positive
I`m putting in Societe Generale in China. Very interesting stuff but has me away too much ... gotta fix that!,positive
im soo bored...im deffo missing my music channels,negative
is back home now gonna miss every one,negative
i just saw your performance on the ellen show. we`re so behind in australia  you were AMAZING and have such a wonderful voice!,positive
i hate that feeling you get when you listen to a song and it completely reminds you of how things used to be & you get emotional,negative
Upset about the recent loss in the sports game,negative
Just another day at the office,neutral
Coffee date with an old friend,positive
Happy about the beautiful weather today,positive
Overjoyed at the news of the upcoming family reunion,positive
"Hehe you`re right, I`m not daft  May is a good month to be on a French contract!",positive
Feeling inspired by the beauty of nature,positive
Leaving for work.,neutral
But i dont mind the long line when theres a super cutie in front of me. Too bad he`s wearing a **** bracelet with a girls name on it,neutral
Oooh! goodluck for the rest of them,positive
Feeling sad after hearing the news.,negative
Soooo high,neutral
Annoyed with the noisy neighbors.,negative
Feeling really anxious about the upcoming exam,negative
Thrilled to see my favorite band in concert.,positive
i really need a skateboard  ........,neutral
aww,neutral
Hates headaches! Maybe I`m not ready to rock,negative
Happy to have some time off.,positive
"Got into a disagreement with a friend, it's been bothering me all day.",negative
Looking forward to the weekend getaway with friends,positive
I`m sorry.,negative
"Sadly not, no. They`re his colleagues and it`s a work party",negative
hey cant wait 4 u guys 2 come over 2 jersey woop.... hope ur lookin 4ward 2 it coz we r  x,positive
straightening my hair,neutral
"no not proper, my dog barks too much & jumps up & its all my fault for not being strict enough",negative
thanks kate too.  *kisses* Xoxo.,positive
Thrilled about the upcoming event.,positive
Time to unwind with a good book,positive
when u gonna come show minnesota some love though hun?!,positive
Feeling under the weather today,negative
"My boyfriend just broke his wrist, now he might need surgery  im so nervous",negative
Relieved after a tough day at work,positive
"weekend with my cuzzo Vivi, I can`t stand to have her leave me in 3 weeks",negative
"it`s overwhelming how i`m finally catching up with my cousin/bff since i was three who i haven`t seen in years. ah, memories. miss her",neutral
Thanks to:      New followers!,positive
"Shiv, his place, slowly I hope",positive
**** I hate this weather this **** sucks! I wanted to go out tonight but not n no mess like this,negative
It`s depressing I`m stuck inside all day,negative
"Who starts a briefing at 7:30 a.m.? People on the East Coast, that`s who.",neutral
"I justwatched like, 5 straight episodes of escaped on ID Discovery channel. A guy imprisoned 6 women, killed 2 and cooked them",neutral
lunch in the forrest ... its so baron.  fpu is so dead,neutral
Just finished watching a great movie. Just finished watching a great movie.,positive
Running out of patience with this situation,negative
Celebrating my birthday today with friends and family!,positive
Satisfied with the outcome of the negotiation.,positive
Had a terrible day at work.,negative
"i changed my picture  i am soo screwed, i have an assignment due tomorrow that i havent started, i just cant concentrate argh",negative
"Sons of ****, why couldn`t they put them on the releases we already bought",negative
"--sorry for running over uncle Terry, but he just wasn`t living up to his potential. expecting more from his next return.",negative
Stressed out with all the work piling up.,negative
Frustrated with the long lines at the grocery store. Frustrated,negative
Eager to start a new project at work,positive
"Dealing with a terrible headache, I just want it to go away.",negative
YIKEYSSS!!  I`M HARMLESS REALLY!! JUST WANT SOME ATTENTION FROM BRODY!!!,positive
Both of you,neutral
"Missing my family back home, it's hard being so far away.",negative
Feeling really tired after a long day at work. Feeling really tired,negative
Pissed off with the rude customer service.,negative
This rainy weather always puts me in a gloomy mood.,negative
Needing a little pick-me-up,negative
Looking forward to the upcoming trip.,positive
Wishing I could go on a vacation. Wishing I could go on a vacation.,negative
WHAT THAT`S NOT FAIR I CAN`T VOTE IT SAYS THE VOTING IS CLOSED  BUT I DID VOTE EVERYDAY WHEN I COULD VOTE LIKE 20X`S,negative
"Another day, another project deadline",neutral
Feeling really anxious about the upcoming presentation,negative
_double as if there are any other kind  http://myloc.me/Fkl,neutral
Looking forward to the long weekend.,positive
_meaway I`m sorry hon  I know how it feels though...I`m usually crazy but at a family gathering I`d probably hold back like that also,negative
damnnn. training starts  at 11. but that would have been cool. next timeee,neutral
Ugh sittin at work waiting for the carpets to be cleaned.  I was suppose to be out by 7,negative
Amazing performance by the theatre group last night,positive
ahh yes the obligations of a vampire kept me away from twitter.but now i`m back & will try 2 update as much as possible.i lost a donor,negative
Thrilled about the release of the new book.,positive
Need a break from all the noise,negative
i`m soooooo sleeeeepy!!! the last day o` school was today....sniffle....,negative
Stop your twittering' - Maryland cookies #bgt,neutral
The traffic jam is killing my mood,negative
Gloomy weather ruining my mood.,negative
back home. man im hungry. getting ready..shopping,neutral
Enjoying the beautiful weather outside.,positive
"RATT ROCKED NASHVILLE TONITE..ONE THING SUCKED, NO ENCORE! LIKE IN THE 80`S THEY STILL HAVE A FUN SHOW. PEARCY HAS THAT HOTT BAD BOY LOOK",neutral
_nobel ? ? ?????????????  = ?????? ?????? ?????? ?? ????,neutral
"Uh oh, I am sunburned",negative
I`m having the same problem,negative
"Finally, it's the weekend! Time to unwind and relax.",positive
Delighted with the surprise party for my birthday,positive
"Now Im in the work  , I miss my home, any news?",negative
so I just had a violent fightclub like **** dream involving heavily tattooed ladies. I didn`t wanna wake up.  lol.,positive
Fed up with the constant traffic on the daily commute,negative
Needing some peace and quiet,positive
"Caught a cold, feeling miserable",negative
is doing boring accounts stuff,negative
"Say cheese for the camera, or throw up some Western Mass gang signs to be cool",positive
is off to get the boy and then to his doc. Persistent coughs are not good.  http://plurk.com/p/x285t,negative
"Gonna go round up some DVDs to sell...  I will miss them, but I need money!",negative
Excited for the new movie release!,positive
"Just received some bad news, it's been a tough day.",negative
Rescued two adorable pit mix pups today.  LC and Brody.  Looking to adopt?  E-mail me for more info and pics!,positive
"Eat Sleep Draw!: Part of my Neuroanatomy take-home test.  After this, I??????m...: Part of my Neuro.. http://bit.ly/fXs3L",neutral
Just had the best meal of my life,positive
2am feedings for the baby are fun when he is all smiles and coos,positive
Can't believe my favorite show got canceled,negative
"Attending a friend's wedding, love is truly in the air.",positive
"Feeling overwhelmed with all the work piling up, I need a break.",negative
In awe of a beautiful sunset,positive
Upbeat about the progress in the project.,positive
Looking forward to spending time with family.,positive
My Sharpie is running DANGERously low on ink,negative
Stressed out with the workload.,negative
Just had the worst meal of my life,negative
Can't stop thinking about the delicious pizza,positive
Movie night with my best friends,positive
Proud of my team for winning the game.,positive
can`t set up my phone on twitter,neutral
There is something wrong with me! I`m so tired I can barely keep my eyes open. Yet all I`ve done for the last 3hrs is toss & turn in bed,negative
Can't stand this weather,negative
Hehe,positive
Dealing with a difficult situation at work,negative
LoL!!  I still would have got a look at his face just in case!!,neutral
Feeling really discouraged about my progress,negative
"look, no matter the ethnicity, women are something else!  fellas, can I get an amen? *dueces*",neutral
Playing Ghost Online is really interesting. The new updates are Kirin pet and Metamorph for third job. Can`t wait to have a dragon pet,positive
Thrilled about the new job offer!,positive
Joyful to see the smile on my child's face.,positive
Looking forward to a relaxing weekend.,positive
"Having a fun night out with friends, laughter is truly the best medicine.",positive
Thrilled about the new job offer,positive
DUSTBIN BABY ON AT 11.30 Cannot wait  x,positive
Feeling really happy and content today,positive
Just came back from school.... Packing for my dad`s house,neutral
Annoyed by the constant construction noise in the neighborhood,negative
Why does Mondays always feel so long?,negative
I wish I could just sleep all day,negative
i`m totally gonna have money to actually buy a pair of shoes this time,neutral
The sunset today was so beautiful,positive
Feeling down today.,negative
_jayy It might hav to cost u a History essay.,neutral
"happy mothers day to all the mothers, grandmothers, furbaby mommies, etc!  heading out for breakfast with my mom shortly",positive
Frustrated with the traffic this morning.,negative
"Yes, I really do.",neutral
Tired of this rain every day. Tired of this rain,negative
Disappointed with the poor performance.,negative
"**** culture is increasing in india,govt has to make new laws such as wat will be charges if a boy tease a boy nd wat if a boy rapes a boy",neutral
"Glad I went out, glad I didn`t leave early, and glad to be afterpartying it up @ Beth`s  I`m back!",positive
Feeling great after a good workout. Feeling great after a good workout.,positive
Journey!? Wow... u just became cooler. hehe... (is that possible!?),positive
"Feeling really down today, I wish things could get better soon.",negative
Can't wait for the new season of my favorite show,positive
Tired of the endless political debates,negative
"A long day at work, feeling exhausted",negative
Looking forward to the weekend getaway,positive
Then you should check out http://twittersucks.com and connect with other tweeple who hate twitter,neutral
Waiting for Natie to come online I miss him.,negative
Irritated by the loud music late at night.,negative
Elated by the unexpected gift from a friend,positive
Excited for the weekend getaway,positive
"Oh man, Did Yogg today. Worse than last week.",negative
This movie made me laugh so hard,positive
that`s meAn,negative
